InvoiceID,CustomerAge,Gender,ProductCategory,Quantity,UnitPrice,DiscountApplied,StoreType,CustomerRating,TotalAmount
INV5000,41,Male,Furniture,7,27.71,Yes,Offline,4,243
INV5001,51,Male,Clothing,100,26.19,Yes,Online,1,315
INV5002,38,Female,Furniture,2,2.69,No,Online,3,51
INV5003,23,Female,Groceries,9,68.19,Yes,Offline,3,344
INV5004,43,Female,Clothing,5,66.38,Yes,Online,5,315
INV5005,54,Female,Electronics,5,41.8,Yes,Online,,493
INV5006,43,Male,Groceries,1,42.26,Yes,Online,5,125
INV5007,60,Female,Electronics,3,25.36,Yes,Online,,-32
INV5008,29,Male,Groceries,4,24.42,No,Offline,3,325
INV5009,62,Female,Furniture,3,29.1,No,Offline,3,90
INV5010,22,Male,Electronics,100,28.83,Yes,Offline,,564
INV5011,29,Female,Electronics,7,9.97,Yes,Offline,3,233
INV5012,49,Female,Clothing,8,25.63,Yes,Offline,,96
INV5013,24,Female,Electronics,50,30.57,No,Online,,686
INV5014,24,Female,Electronics,5,66.26,Yes,Online,1,140
INV5015,49,Female,Furniture,50,47.88,Yes,Online,2,-2
INV5016,34,Male,Furniture,7,9.34,Yes,Online,1,187
INV5017,25,Female,Furniture,2,27.57,Yes,Offline,4,681
INV5018,65,Female,Furniture,9,42.06,No,Offline,1,197
INV5019,41,Female,Clothing,100,50.84,Yes,Online,3,552
INV5020,23,Male,Electronics,7,43.97,Yes,Offline,5,242
INV5021,25,Male,Groceries,50,51.71,Yes,Offline,1,641
INV5022,37,Female,Clothing,8,66.45,No,Offline,5,815
INV5023,36,Female,Groceries,2,70.84,Yes,Online,3,768
INV5024,26,Male,Groceries,2,38.69,Yes,Online,1,316
INV5025,19,Male,Electronics,5,43.02,No,Online,2,269
INV5026,35,Male,Clothing,5,33.46,Yes,Online,3,393
INV5027,37,Male,Furniture,1,46.13,Yes,Offline,5,151
INV5028,18,Female,Clothing,50,100.83,Yes,Offline,2,621
INV5029,50,Female,Furniture,4,33.11,Yes,Offline,,148
INV5030,46,Female,Furniture,6,30.23,No,Online,,286
INV5031,46,Male,Furniture,9,-4.13,No,Offline,3,749
INV5032,38,Male,Electronics,5,32.21,Yes,Online,2,590
INV5033,68,Female,Groceries,2,33.81,Yes,Offline,3,594
INV5034,26,Male,Furniture,7,34.84,Yes,Online,4,519
INV5035,60,Female,Groceries,1,64.35,No,Online,1,523
INV5036,20,Female,Groceries,4,28.87,Yes,Online,1,183
INV5037,30,Male,Furniture,1,72.01,No,Offline,4,410
INV5038,58,Female,Electronics,3,35.09,Yes,Offline,5,394
INV5039,24,Male,Electronics,1,35.49,Yes,Online,5,307
INV5040,57,Female,Furniture,4,-4.13,No,Offline,,44
INV5041,62,Female,Clothing,3,22.05,No,Online,5,169
INV5042,23,Male,Groceries,4,54.93,No,Offline,4,245
INV5043,45,Male,Furniture,50,24.88,No,Online,5,328
INV5044,44,Male,Clothing,3,34.06,Yes,Offline,3,-13
INV5045,43,Male,Furniture,4,8.36,No,Offline,3,963
INV5046,49,Male,Groceries,5,34.49,Yes,Online,2,600
INV5047,19,Female,Furniture,5,27.02,No,Offline,5,259
INV5048,40,Female,Groceries,4,21.19,Yes,Online,4,310
INV5049,50,Female,Electronics,9,32.62,Yes,Offline,,194
INV5050,53,Male,Groceries,2,79.41,No,Offline,1,271
INV5051,40,Male,Electronics,9,7.71,Yes,Online,1,532
INV5052,54,Male,Groceries,2,38.1,No,Online,,538
INV5053,26,Male,Clothing,50,18.77,Yes,Offline,5,245
INV5054,35,Male,Furniture,4,16.23,Yes,Offline,3,121
INV5055,37,Male,Groceries,1,25.29,Yes,Online,1,198
INV5056,45,Female,Clothing,8,60.64,Yes,Online,1,433
INV5057,54,Male,Clothing,100,58.95,No,Offline,,-19
INV5058,26,Male,Groceries,5,43.41,Yes,Offline,5,578
INV5059,69,Female,Furniture,5,14.3,No,Offline,3,113
INV5060,45,Male,Clothing,2,57.9,No,Online,4,217
INV5061,45,Male,Electronics,1,18.71,No,Offline,5,-276
INV5062,67,Female,Groceries,2,71.51,No,Offline,4,484
INV5063,54,Male,Groceries,100,40.42,No,Online,3,391
INV5064,24,Male,Electronics,8,18.38,Yes,Online,1,247
INV5065,51,Female,Clothing,5,51.29,Yes,Online,1,465
INV5066,60,Female,Groceries,50,53.23,Yes,Online,3,366
INV5067,44,Male,Groceries,6,50.94,Yes,Offline,,448
INV5068,42,Female,Groceries,7,18.24,No,Offline,,635
INV5069,37,Female,Groceries,9,47.97,No,Offline,4,437
INV5070,23,Female,Clothing,7,51.76,Yes,Offline,1,452
INV5071,43,Male,Clothing,6,33.08,No,Offline,,508
INV5072,29,Male,Furniture,6,10.47,Yes,Offline,4,357
INV5073,68,Male,Groceries,8,35.98,Yes,Online,,288
INV5074,52,Female,Clothing,5,50.65,No,Offline,1,341
INV5075,36,Female,Electronics,3,49.52,Yes,Offline,3,377
INV5076,54,Male,Clothing,100,63.49,Yes,Online,2,18
INV5077,45,Female,Groceries,4,51.79,Yes,Offline,,441
INV5078,46,Male,Furniture,5,44.55,No,Offline,5,269
INV5079,20,Female,Furniture,9,-19.54,Yes,Online,4,401
INV5080,27,Female,Clothing,5,23.79,Yes,Offline,4,542
INV5081,29,Male,Furniture,3,13.61,No,Online,5,218
INV5082,38,Female,Clothing,4,38.12,No,Offline,,253
INV5083,56,Male,Electronics,7,22.8,No,Offline,5,155
INV5084,24,Male,Electronics,3,51.61,No,Offline,2,352
INV5085,41,Female,Electronics,100,24.99,Yes,Online,,148
INV5086,34,Male,Clothing,4,41.93,Yes,Online,3,28
INV5087,22,Male,Clothing,7,34.44,Yes,Offline,2,233
INV5088,19,Male,Clothing,8,9.82,No,Offline,3,372
INV5089,48,Male,Groceries,1,34.89,Yes,Online,,277
INV5090,25,Male,Electronics,6,-1.32,No,Offline,3,386
INV5091,18,Female,Electronics,6,83.6,No,Offline,2,194
INV5092,19,Male,Furniture,6,35.49,No,Online,,652
INV5093,21,Female,Groceries,50,10.05,Yes,Offline,5,451
INV5094,38,Female,Groceries,3,45.67,No,Offline,4,-19
INV5095,52,Female,Electronics,7,32.74,No,Online,2,509
INV5096,40,Female,Electronics,6,23.79,Yes,Offline,3,163
INV5097,60,Female,Groceries,8,-12.07,Yes,Online,3,108
INV5098,34,Male,Clothing,2,89.58,No,Online,4,374
INV5099,63,Female,Furniture,3,45.95,No,Offline,5,255
INV5100,63,Male,Furniture,4,10.56,No,Offline,5,487
INV5101,58,Male,Clothing,1,6.61,No,Online,3,543
INV5102,38,Female,Clothing,100,26.15,No,Online,5,389
INV5103,37,Female,Clothing,4,48.54,No,Offline,4,587
INV5104,23,Female,Electronics,7,38.16,Yes,Online,2,232
INV5105,56,Male,Groceries,8,38.91,No,Online,2,110
INV5106,43,Male,Electronics,1,47.97,Yes,Online,3,601
INV5107,47,Male,Groceries,1,37.54,Yes,Online,3,240
INV5108,35,Female,Furniture,9,6.19,No,Offline,2,470
INV5109,50,Female,Electronics,2,36.52,Yes,Online,5,460
INV5110,25,Male,Clothing,2,26.75,No,Offline,5,208
INV5111,44,Male,Clothing,4,51.76,Yes,Offline,5,447
INV5112,49,Female,Furniture,8,21.7,Yes,Online,,463
INV5113,22,Male,Furniture,1,44.64,Yes,Online,,457
INV5114,52,Male,Groceries,8,38.74,No,Offline,2,382
INV5115,41,Female,Groceries,50,24.13,Yes,Offline,5,643
INV5116,48,Female,Clothing,100,53.12,Yes,Online,,202
INV5117,48,Male,Furniture,9,56.23,Yes,Online,1,104
INV5118,66,Female,Electronics,3,30.01,No,Online,3,268
INV5119,33,Male,Clothing,3,67.69,Yes,Offline,5,306
INV5120,57,Male,Clothing,5,19.67,Yes,Offline,3,216
INV5121,62,Male,Clothing,2,29.31,No,Offline,1,165
INV5122,36,Male,Groceries,7,12.08,Yes,Offline,4,37
INV5123,27,Female,Electronics,5,48.97,No,Offline,2,256
INV5124,60,Female,Groceries,2,40.69,No,Online,5,220
INV5125,35,Male,Clothing,5,62.19,Yes,Online,5,373
INV5126,59,Male,Furniture,1,51.71,Yes,Offline,5,338
INV5127,63,Female,Electronics,4,26.08,Yes,Online,2,563
INV5128,67,Male,Electronics,9,44.81,Yes,Online,3,476
INV5129,24,Male,Electronics,4,42.95,Yes,Online,4,197
INV5130,56,Male,Electronics,7,45.95,Yes,Offline,,417
INV5131,40,Female,Electronics,8,52.56,Yes,Online,5,426
INV5132,42,Male,Electronics,9,50.84,Yes,Online,3,261
INV5133,21,Male,Furniture,3,50.84,Yes,Online,2,579
INV5134,29,Male,Groceries,6,44.58,No,Offline,5,406
INV5135,56,Male,Electronics,3,39.15,No,Online,,963
INV5136,31,Female,Groceries,3,51.29,No,Offline,2,173
INV5137,65,Male,Clothing,1,51.29,No,Offline,,138
INV5138,21,Male,Electronics,7,38.29,No,Online,1,211
INV5139,39,Male,Furniture,2,26.02,No,Online,1,123
INV5140,52,Male,Groceries,5,51.29,No,Offline,3,439
INV5141,25,Male,Electronics,7,31.8,No,Online,5,-86
INV5142,26,Male,Clothing,100,65.78,Yes,Offline,3,230
INV5143,26,Male,Furniture,6,85.92,No,Online,1,338
INV5144,67,Female,Furniture,6,35.15,Yes,Offline,3,251
INV5145,21,Male,Groceries,5,61.82,Yes,Offline,,309
INV5146,61,Male,Electronics,7,40.29,No,Online,2,87
INV5147,24,Female,Groceries,5,17.94,Yes,Online,1,189
INV5148,68,Female,Furniture,5,24.88,Yes,Offline,2,476
INV5149,29,Female,Electronics,2,1.9,No,Offline,3,194
INV5150,61,Female,Electronics,5,75.28,No,Online,3,295
INV5151,58,Female,Furniture,9,52.81,No,Online,5,409
INV5152,32,Female,Clothing,100,42.53,No,Offline,5,227
INV5153,53,Female,Clothing,5,30.3,No,Online,3,439
INV5154,56,Female,Clothing,6,54.29,Yes,Offline,2,360
INV5155,44,Male,Clothing,8,73.84,Yes,Offline,2,315
INV5156,51,Male,Furniture,3,71.28,Yes,Online,1,513
INV5157,43,Female,Furniture,50,34.49,Yes,Online,2,294
INV5158,21,Male,Groceries,6,31.74,No,Online,,768
INV5159,31,Male,Electronics,6,89.82,No,Offline,4,-32
INV5160,50,Male,Furniture,4,37.65,No,Online,4,202
INV5161,39,Female,Groceries,2,49.92,No,Offline,3,547
INV5162,56,Female,Clothing,100,32.21,Yes,Online,4,328
INV5163,37,Male,Furniture,8,37.2,No,Online,3,489
INV5164,53,Male,Electronics,3,29.44,Yes,Online,5,326
INV5165,48,Male,Clothing,7,28.83,Yes,Online,1,638
INV5166,36,Male,Clothing,4,22.05,No,Offline,1,421
INV5167,50,Female,Furniture,9,18.52,No,Offline,1,506
INV5168,67,Male,Furniture,6,26.02,No,Offline,2,493
INV5169,27,Male,Furniture,7,46.61,No,Online,4,-138
INV5170,58,Female,Furniture,6,83.6,No,Offline,3,-212
INV5171,32,Male,Electronics,5,79.89,No,Offline,,383
INV5172,62,Female,Groceries,1,43.09,Yes,Offline,5,409
INV5173,45,Female,Electronics,100,69.65,No,Offline,3,475
INV5174,18,Female,Clothing,4,48.59,No,Offline,,308
INV5175,27,Female,Furniture,5,63.49,No,Offline,1,487
INV5176,45,Female,Groceries,2,59.2,Yes,Offline,3,271
INV5177,65,Male,Clothing,50,46.1,Yes,Online,3,541
INV5178,58,Male,Groceries,9,27.57,Yes,Online,1,71
INV5179,36,Female,Electronics,3,22.69,Yes,Online,5,206
INV5180,25,Female,Furniture,50,51.3,Yes,Offline,1,198
INV5181,26,Female,Furniture,5,42.26,No,Offline,1,195
INV5182,50,Male,Furniture,7,58.68,Yes,Online,2,356
INV5183,21,Female,Groceries,4,64.63,Yes,Offline,4,179
INV5184,64,Female,Electronics,50,39.83,Yes,Online,4,229
INV5185,52,Female,Groceries,4,26.65,No,Online,2,247
INV5186,58,Female,Furniture,50,66.38,No,Offline,,358
INV5187,19,Female,Groceries,8,86.03,No,Online,,620
INV5188,41,Female,Groceries,50,15.39,Yes,Offline,,71
INV5189,32,Female,Electronics,2,39.1,No,Online,1,207
INV5190,54,Male,Groceries,6,52.04,Yes,Offline,4,321
INV5191,28,Male,Groceries,5,32.62,No,Offline,5,312
INV5192,31,Female,Groceries,5,53.09,No,Online,,360
INV5193,25,Male,Electronics,6,49.7,Yes,Online,3,140
INV5194,32,Male,Electronics,9,28.88,No,Online,,310
INV5195,26,Female,Clothing,9,66.38,No,Online,4,587
INV5196,30,Male,Furniture,4,21.88,Yes,Offline,1,210
INV5197,44,Female,Electronics,3,56.77,Yes,Online,2,327
INV5198,40,Male,Furniture,5,41.1,No,Online,,458
INV5199,52,Female,Clothing,3,-8.77,No,Offline,,527
INV5200,28,Female,Electronics,100,25.68,No,Online,2,96
INV5201,37,Male,Clothing,5,33.81,No,Offline,3,179
INV5202,41,Male,Electronics,8,43.69,No,Online,2,499
INV5203,51,Female,Clothing,5,44.51,No,Online,3,176
INV5204,65,Male,Furniture,2,36.38,Yes,Offline,1,-100
INV5205,57,Female,Clothing,7,52.25,Yes,Offline,1,161
INV5206,57,Male,Electronics,6,63.34,Yes,Offline,4,283
INV5207,57,Female,Furniture,100,25.36,No,Online,2,352
INV5208,25,Female,Clothing,3,70.84,No,Offline,2,377
INV5209,33,Female,Clothing,3,38.1,Yes,Offline,4,413
INV5210,54,Male,Furniture,6,31.42,No,Offline,1,178
INV5211,46,Female,Groceries,100,29.63,Yes,Offline,2,359
INV5212,21,Female,Clothing,8,30.23,Yes,Offline,,311
INV5213,19,Male,Groceries,2,19.44,No,Online,5,128
INV5214,27,Female,Groceries,6,24.12,No,Offline,,437
INV5215,33,Female,Groceries,7,45.14,No,Online,,134
INV5216,57,Female,Electronics,8,29.86,Yes,Online,,385
INV5217,53,Female,Groceries,2,45.58,No,Online,4,535
INV5218,30,Male,Electronics,100,61.83,No,Offline,4,387
INV5219,37,Male,Furniture,4,65.23,No,Online,4,62
INV5220,63,Male,Groceries,8,21.0,Yes,Online,3,487
INV5221,64,Female,Furniture,1,74.89,Yes,Online,,417
INV5222,52,Female,Electronics,2,34.55,No,Online,2,306
INV5223,40,Male,Groceries,9,43.69,No,Online,1,352
INV5224,29,Female,Clothing,4,2.85,Yes,Offline,3,463
INV5225,50,Female,Electronics,100,37.5,No,Online,4,191
INV5226,54,Male,Electronics,5,30.25,Yes,Online,1,-11
INV5227,37,Male,Electronics,7,61.38,Yes,Offline,3,353
INV5228,68,Female,Electronics,4,33.11,Yes,Online,2,487
INV5229,68,Male,Clothing,50,45.83,No,Offline,1,390
INV5230,53,Female,Groceries,9,36.74,No,Offline,,356
INV5231,52,Female,Clothing,5,47.78,Yes,Offline,3,415
INV5232,22,Female,Furniture,4,44.25,Yes,Offline,1,269
INV5233,49,Male,Clothing,8,50.1,No,Online,2,238
INV5234,45,Male,Groceries,4,44.38,No,Offline,3,226
INV5235,49,Male,Clothing,9,36.32,No,Online,2,228
INV5236,53,Female,Electronics,7,13.21,No,Offline,5,404
INV5237,32,Male,Groceries,7,45.5,No,Offline,3,352
INV5238,52,Female,Furniture,6,69.97,No,Online,5,498
INV5239,31,Male,Groceries,2,50.02,Yes,Online,5,279
INV5240,27,Female,Electronics,9,44.51,Yes,Offline,4,242
INV5241,60,Male,Groceries,9,29.77,No,Offline,5,397
INV5242,21,Male,Groceries,8,44.25,Yes,Online,5,356
INV5243,44,Male,Electronics,9,43.97,Yes,Online,2,325
INV5244,39,Male,Groceries,5,13.61,No,Online,5,192
INV5245,20,Male,Furniture,3,47.09,Yes,Offline,,621
INV5246,39,Female,Clothing,100,26.02,No,Offline,4,182
INV5247,63,Male,Electronics,4,62.19,No,Offline,,246
INV5248,47,Female,Groceries,6,54.29,Yes,Offline,4,538
INV5249,35,Male,Furniture,2,17.89,No,Offline,4,387
INV5250,43,Female,Furniture,100,16.23,Yes,Offline,3,426
INV5251,25,Male,Electronics,4,9.34,No,Online,5,523
INV5252,58,Male,Electronics,8,-19.54,Yes,Online,4,13
INV5253,45,Female,Clothing,3,30.7,Yes,Online,3,275
INV5254,24,Male,Groceries,2,8.36,No,Online,2,245
INV5255,33,Female,Electronics,2,64.91,No,Online,3,249
INV5256,37,Male,Electronics,5,26.11,Yes,Offline,3,287
INV5257,46,Female,Groceries,5,71.28,No,Online,1,138
INV5258,66,Female,Groceries,3,29.63,Yes,Online,3,464
INV5259,20,Female,Clothing,5,27.64,No,Online,3,233
INV5260,25,Female,Furniture,2,17.26,No,Online,4,300
INV5261,63,Male,Groceries,5,19.02,Yes,Offline,1,479
INV5262,22,Female,Electronics,9,29.25,Yes,Offline,5,364
INV5263,31,Female,Groceries,8,44.62,Yes,Online,3,392
INV5264,32,Male,Furniture,7,34.84,Yes,Online,1,223
INV5265,69,Female,Clothing,7,53.65,No,Online,1,280
INV5266,64,Male,Clothing,9,60.61,Yes,Online,3,360
INV5267,66,Female,Groceries,8,14.82,Yes,Offline,,275
INV5268,30,Male,Clothing,100,11.32,Yes,Online,5,186
INV5269,18,Female,Groceries,6,30.26,No,Offline,5,635
INV5270,19,Male,Furniture,1,69.17,No,Offline,5,195
INV5271,47,Male,Groceries,1,55.53,No,Offline,2,189
INV5272,64,Female,Clothing,2,26.06,No,Offline,5,320
INV5273,21,Female,Electronics,8,57.28,No,Offline,3,589
INV5274,62,Male,Groceries,7,34.55,No,Online,3,667
INV5275,66,Female,Furniture,50,55.32,No,Online,3,295
INV5276,55,Male,Groceries,50,49.22,No,Offline,2,243
INV5277,41,Female,Clothing,5,14.31,No,Online,2,409
INV5278,64,Female,Clothing,8,33.68,Yes,Offline,1,435
INV5279,63,Female,Groceries,9,63.0,No,Online,2,455
INV5280,35,Male,Groceries,3,38.74,Yes,Online,1,229
INV5281,44,Male,Groceries,6,25.68,Yes,Online,1,281
INV5282,54,Male,Clothing,2,30.01,No,Offline,1,136
INV5283,63,Male,Furniture,5,65.98,No,Offline,,401
INV5284,40,Male,Electronics,1,25.29,No,Offline,1,359
INV5285,43,Female,Groceries,5,41.0,No,Online,2,87
INV5286,56,Male,Furniture,7,41.2,Yes,Online,,-175
INV5287,21,Male,Furniture,5,28.14,No,Offline,3,574
INV5288,19,Female,Electronics,5,57.13,No,Offline,,243
INV5289,66,Female,Groceries,100,56.76,No,Offline,1,410
INV5290,38,Male,Groceries,5,35.97,Yes,Online,5,336
INV5291,54,Female,Furniture,2,58.15,No,Online,4,51
INV5292,51,Female,Clothing,4,51.29,No,Online,4,290
INV5293,29,Male,Groceries,7,6.74,No,Offline,1,321
INV5294,67,Male,Clothing,1,78.59,Yes,Online,2,508
INV5295,66,Female,Furniture,50,16.38,Yes,Online,5,566
INV5296,68,Female,Groceries,6,20.16,Yes,Offline,,232
INV5297,62,Female,Clothing,4,19.74,No,Online,3,360
INV5298,48,Male,Groceries,6,51.61,No,Offline,5,646
INV5299,20,Female,Groceries,100,17.07,Yes,Offline,,217
INV5300,46,Male,Clothing,8,3.04,Yes,Online,3,899
INV5301,49,Female,Electronics,50,4.68,Yes,Offline,2,79
INV5302,34,Female,Clothing,3,34.11,No,Offline,4,464
INV5303,25,Female,Groceries,1,37.5,Yes,Offline,,229
INV5304,42,Female,Electronics,5,42.26,Yes,Online,3,387
INV5305,29,Female,Groceries,8,65.66,Yes,Online,1,338
INV5306,43,Female,Electronics,4,72.99,Yes,Online,3,342
INV5307,51,Female,Furniture,100,47.78,No,Online,1,459
INV5308,26,Male,Electronics,9,47.09,No,Offline,5,140
INV5309,55,Male,Furniture,3,44.55,Yes,Online,,364
INV5310,62,Female,Clothing,8,33.0,No,Offline,4,475
INV5311,26,Male,Groceries,2,33.79,Yes,Offline,4,404
INV5312,48,Male,Clothing,5,40.59,No,Online,3,244
INV5313,69,Male,Electronics,7,48.3,No,Online,1,-49
INV5314,69,Male,Electronics,6,1.9,Yes,Offline,3,275
INV5315,65,Female,Groceries,6,17.92,No,Offline,1,-37
INV5316,51,Male,Furniture,7,36.93,No,Online,1,288
INV5317,62,Female,Groceries,3,38.36,No,Offline,,248
INV5318,57,Female,Clothing,8,73.84,No,Online,4,120
INV5319,64,Male,Groceries,7,39.1,No,Offline,,329
INV5320,21,Female,Furniture,4,24.13,No,Online,1,143
INV5321,45,Male,Electronics,100,38.07,Yes,Offline,2,386
INV5322,22,Male,Electronics,50,54.24,No,Online,3,333
INV5323,24,Male,Electronics,100,36.38,No,Online,,275
INV5324,36,Female,Clothing,50,35.12,Yes,Online,1,581
INV5325,51,Male,Furniture,3,64.09,No,Offline,1,-57
INV5326,48,Male,Clothing,7,67.22,Yes,Online,4,595
INV5327,31,Female,Groceries,1,55.14,No,Online,1,399
INV5328,62,Female,Clothing,3,50.38,No,Offline,1,134
INV5329,61,Male,Clothing,6,53.7,No,Offline,,401
INV5330,65,Male,Clothing,6,50.98,Yes,Offline,4,359
INV5331,25,Female,Groceries,7,76.9,Yes,Offline,3,380
INV5332,39,Female,Electronics,1,33.42,Yes,Offline,2,347
INV5333,46,Female,Electronics,3,75.44,Yes,Online,,391
INV5334,18,Male,Clothing,4,-4.13,No,Online,,127
INV5335,26,Female,Furniture,1,20.14,No,Online,1,620
INV5336,62,Male,Groceries,5,63.67,Yes,Offline,1,381
INV5337,20,Male,Furniture,6,33.11,Yes,Online,,459
INV5338,22,Male,Furniture,2,74.25,No,Offline,,377
INV5339,54,Female,Electronics,7,32.66,Yes,Online,,-19
INV5340,23,Female,Groceries,7,19.02,Yes,Online,2,60
INV5341,66,Female,Groceries,7,35.61,Yes,Online,5,71
INV5342,25,Male,Groceries,6,42.27,No,Offline,,219
INV5343,58,Male,Clothing,7,52.82,No,Offline,1,152
INV5344,41,Male,Groceries,2,59.2,Yes,Online,4,560
INV5345,24,Male,Groceries,4,42.86,Yes,Online,,243
INV5346,51,Male,Groceries,5,36.02,No,Online,2,652
INV5347,45,Female,Furniture,6,34.62,No,Online,5,183
INV5348,32,Female,Groceries,5,29.86,No,Offline,1,335
INV5349,45,Male,Electronics,8,21.73,Yes,Offline,1,-101
INV5350,56,Male,Electronics,3,42.26,No,Offline,5,501
INV5351,18,Female,Groceries,9,48.49,No,Online,4,315
INV5352,26,Female,Clothing,100,53.23,Yes,Online,3,-80
INV5353,63,Male,Electronics,1,59.89,No,Offline,4,350
INV5354,45,Female,Groceries,9,43.05,No,Online,3,48
INV5355,34,Female,Clothing,7,26.02,No,Online,,356
INV5356,36,Male,Electronics,3,7.71,Yes,Online,3,372
INV5357,24,Male,Clothing,9,42.43,Yes,Online,1,325
INV5358,69,Male,Furniture,1,43.27,Yes,Offline,4,18
INV5359,33,Male,Electronics,5,27.07,Yes,Online,4,547
INV5360,40,Female,Groceries,2,36.52,Yes,Online,5,197
INV5361,57,Female,Furniture,4,34.11,No,Online,3,152
INV5362,25,Female,Groceries,50,49.99,Yes,Online,,275
INV5363,60,Female,Electronics,9,63.76,No,Offline,5,228
INV5364,66,Female,Furniture,9,29.26,No,Offline,1,482
INV5365,20,Male,Furniture,100,12.48,No,Offline,1,108
INV5366,60,Male,Furniture,4,57.35,No,Online,5,168
INV5367,48,Male,Furniture,5,63.79,Yes,Online,2,213
INV5368,39,Male,Furniture,7,44.64,No,Online,2,453
INV5369,27,Male,Clothing,8,52.38,Yes,Offline,,463
INV5370,49,Male,Groceries,8,16.66,No,Offline,5,409
INV5371,30,Male,Groceries,6,51.71,Yes,Online,5,52
INV5372,21,Female,Electronics,4,26.06,No,Online,4,82
INV5373,37,Male,Furniture,3,38.74,No,Online,3,247
INV5374,20,Male,Clothing,7,35.27,Yes,Offline,4,624
INV5375,30,Female,Clothing,5,69.65,No,Offline,4,619
INV5376,26,Male,Furniture,8,22.53,Yes,Offline,5,561
INV5377,41,Female,Electronics,9,30.45,Yes,Offline,1,420
INV5378,38,Male,Electronics,6,40.77,Yes,Online,2,325
INV5379,59,Female,Clothing,1,33.31,Yes,Offline,4,263
INV5380,54,Male,Clothing,2,29.41,Yes,Online,2,381
INV5381,42,Female,Clothing,9,33.31,Yes,Online,5,272
INV5382,34,Male,Electronics,1,26.12,No,Offline,,470
INV5383,60,Female,Clothing,50,84.95,No,Online,4,273
INV5384,41,Female,Electronics,5,29.15,No,Offline,2,-138
INV5385,65,Female,Furniture,3,79.23,Yes,Offline,4,79
INV5386,19,Female,Clothing,3,58.95,Yes,Online,5,548
INV5387,18,Female,Groceries,8,25.19,No,Offline,3,535
INV5388,67,Male,Furniture,6,50.81,Yes,Offline,5,595
INV5389,36,Female,Groceries,6,30.95,No,Offline,5,3
INV5390,24,Female,Groceries,3,44.78,No,Online,4,359
INV5391,54,Female,Groceries,4,71.28,No,Online,4,161
INV5392,31,Male,Clothing,100,7.12,No,Online,5,369
INV5393,60,Male,Electronics,8,56.76,Yes,Online,5,195
INV5394,38,Male,Clothing,100,49.7,No,Offline,,625
INV5395,23,Male,Groceries,6,48.48,No,Offline,2,266
INV5396,37,Male,Groceries,8,51.4,No,Online,1,376
INV5397,42,Female,Clothing,3,-19.27,No,Offline,2,440
INV5398,24,Male,Groceries,8,39.19,No,Offline,5,8
INV5399,49,Male,Clothing,100,44.63,No,Online,2,399
INV5400,52,Male,Electronics,4,40.36,No,Online,4,-249
INV5401,58,Male,Furniture,9,36.68,No,Offline,,227
INV5402,62,Male,Clothing,6,44.62,No,Offline,1,93
INV5403,58,Male,Furniture,1,38.29,No,Offline,,8
INV5404,19,Male,Clothing,6,36.94,Yes,Offline,1,140
INV5405,53,Female,Electronics,6,58.97,No,Online,5,815
INV5406,40,Female,Electronics,3,39.19,No,Offline,3,314
INV5407,34,Male,Furniture,3,51.71,No,Online,5,141
INV5408,20,Male,Clothing,3,62.42,No,Online,5,103
INV5409,58,Female,Groceries,100,56.5,Yes,Online,1,203
INV5410,55,Female,Groceries,1,33.0,No,Online,2,454
INV5411,22,Male,Groceries,50,64.1,Yes,Online,5,668
INV5412,60,Female,Clothing,4,7.33,No,Offline,1,256
INV5413,66,Male,Groceries,6,25.96,Yes,Offline,5,-70
INV5414,66,Female,Clothing,5,51.91,Yes,Online,4,458
INV5415,66,Male,Electronics,1,52.26,No,Online,5,664
INV5416,45,Male,Furniture,6,23.17,Yes,Offline,4,630
INV5417,41,Male,Electronics,4,52.99,Yes,Offline,2,433
INV5418,33,Male,Groceries,5,16.66,No,Online,1,451
INV5419,23,Female,Groceries,3,56.49,Yes,Offline,5,265
INV5420,58,Male,Groceries,2,17.89,No,Offline,3,144
INV5421,58,Female,Furniture,4,33.46,Yes,Online,1,424
INV5422,39,Male,Clothing,1,40.56,No,Offline,,209
INV5423,23,Male,Furniture,2,27.8,No,Offline,,244
INV5424,23,Female,Electronics,5,33.08,No,Online,1,503
INV5425,64,Female,Clothing,2,48.68,No,Offline,3,282
INV5426,18,Male,Furniture,4,6.61,No,Offline,3,301
INV5427,38,Female,Clothing,2,22.26,Yes,Online,4,444
INV5428,62,Female,Groceries,1,58.83,No,Online,5,138
INV5429,44,Male,Groceries,7,23.81,Yes,Offline,2,192
INV5430,34,Male,Clothing,100,42.07,Yes,Online,3,917
INV5431,69,Female,Electronics,1,13.54,No,Online,,697
INV5432,22,Female,Electronics,4,33.68,Yes,Online,3,711
INV5433,19,Female,Furniture,2,58.09,No,Online,,287
INV5434,43,Female,Groceries,4,45.47,Yes,Offline,,201
INV5435,48,Male,Groceries,7,67.22,No,Offline,,345
INV5436,58,Female,Furniture,2,36.14,Yes,Offline,4,148
INV5437,19,Female,Groceries,3,50.14,No,Online,1,28
INV5438,20,Female,Furniture,4,48.59,Yes,Online,3,120
INV5439,18,Female,Electronics,3,44.63,No,Offline,5,251
INV5440,19,Male,Clothing,7,56.5,Yes,Online,1,-276
INV5441,53,Male,Furniture,1,56.77,No,Online,2,387
INV5442,49,Male,Clothing,6,27.07,No,Offline,,497
INV5443,56,Male,Electronics,9,65.09,Yes,Online,4,229
INV5444,44,Female,Clothing,100,48.48,No,Offline,2,805
INV5445,23,Male,Groceries,7,58.4,Yes,Online,2,271
INV5446,49,Male,Electronics,4,49.39,No,Offline,4,650
INV5447,36,Female,Clothing,5,53.7,No,Online,4,65
INV5448,69,Female,Groceries,7,58.98,Yes,Offline,4,470
INV5449,58,Female,Groceries,50,34.17,Yes,Offline,3,0
INV5450,39,Male,Furniture,4,60.78,No,Online,2,513
INV5451,41,Female,Groceries,1,64.1,Yes,Online,,329
INV5452,22,Female,Clothing,9,64.1,Yes,Offline,4,467
INV5453,40,Male,Clothing,1,46.57,Yes,Offline,2,285
INV5454,56,Male,Clothing,5,22.7,No,Offline,1,116
INV5455,50,Male,Electronics,9,79.89,No,Offline,1,-65
INV5456,35,Male,Groceries,50,54.19,No,Online,3,8
INV5457,44,Male,Clothing,9,67.24,No,Offline,4,226
INV5458,39,Female,Electronics,100,4.45,Yes,Online,3,387
INV5459,40,Male,Electronics,3,43.96,No,Offline,,465
INV5460,39,Female,Clothing,4,19.74,No,Online,5,703
INV5461,67,Male,Electronics,5,47.87,No,Offline,,335
INV5462,36,Female,Clothing,6,38.36,No,Offline,5,308
INV5463,57,Female,Furniture,9,10.08,Yes,Online,2,106
INV5464,18,Female,Groceries,100,75.06,No,Online,5,426
INV5465,68,Male,Groceries,4,16.23,Yes,Online,4,226
INV5466,25,Male,Electronics,100,7.33,Yes,Online,5,266
INV5467,36,Male,Groceries,1,31.52,No,Online,5,204
INV5468,59,Female,Furniture,3,57.47,Yes,Online,3,372
INV5469,23,Female,Groceries,3,23.17,No,Offline,3,281
INV5470,61,Female,Electronics,5,68.32,Yes,Online,1,360
INV5471,19,Female,Clothing,9,29.77,No,Online,2,360
INV5472,43,Female,Clothing,3,49.78,No,Online,4,572
INV5473,31,Male,Furniture,100,41.34,Yes,Offline,,253
INV5474,63,Female,Furniture,6,14.97,No,Online,1,390
INV5475,65,Female,Electronics,7,19.77,Yes,Offline,4,187
INV5476,44,Male,Electronics,7,10.94,No,Offline,2,220
INV5477,52,Female,Furniture,9,64.91,No,Online,3,148
INV5478,53,Male,Furniture,8,35.09,No,Offline,2,162
INV5479,42,Male,Furniture,2,76.14,No,Online,,440
INV5480,42,Female,Electronics,50,42.51,Yes,Offline,2,195
INV5481,44,Female,Clothing,9,38.69,Yes,Offline,4,369
INV5482,29,Male,Groceries,100,30.25,Yes,Online,4,-6
INV5483,39,Female,Clothing,6,65.62,No,Offline,3,127
INV5484,60,Male,Clothing,2,22.65,No,Offline,5,344
INV5485,48,Female,Furniture,6,52.05,No,Offline,5,437
INV5486,33,Female,Groceries,8,10.56,No,Online,,-87
INV5487,41,Female,Clothing,9,55.33,Yes,Online,2,172
INV5488,33,Male,Clothing,100,27.01,Yes,Online,3,139
INV5489,68,Female,Furniture,1,49.22,No,Offline,,512
INV5490,29,Male,Groceries,9,45.04,No,Online,3,108
INV5491,38,Female,Electronics,8,65.09,Yes,Offline,3,314
INV5492,38,Male,Clothing,7,39.1,Yes,Offline,5,151
INV5493,53,Female,Clothing,100,70.07,No,Online,3,46
INV5494,34,Male,Clothing,8,35.7,Yes,Offline,3,158
INV5495,35,Male,Furniture,5,43.27,No,Online,3,353
INV5496,41,Male,Clothing,8,38.16,No,Online,,271
INV5497,57,Male,Electronics,9,3.98,Yes,Offline,4,243
INV5498,56,Female,Clothing,3,60.97,Yes,Offline,1,169
INV5499,56,Female,Groceries,8,17.26,Yes,Online,,44
INV5500,18,Male,Groceries,3,48.72,No,Online,5,245
INV5501,21,Female,Electronics,5,74.56,No,Offline,2,489
INV5502,40,Female,Clothing,5,49.11,Yes,Offline,,369
INV5503,56,Female,Clothing,3,44.78,Yes,Offline,4,504
INV5504,30,Male,Electronics,4,39.1,No,Online,,631
INV5505,46,Male,Clothing,1,44.16,Yes,Offline,4,271
INV5506,29,Male,Furniture,2,41.93,Yes,Online,2,67
INV5507,56,Female,Clothing,6,19.4,No,Online,1,581
INV5508,43,Female,Electronics,8,43.28,No,Online,4,190
INV5509,44,Female,Furniture,1,36.6,Yes,Offline,5,242
INV5510,20,Female,Clothing,4,28.27,Yes,Online,4,298
INV5511,43,Male,Furniture,1,78.77,Yes,Online,2,-110
INV5512,52,Female,Electronics,9,39.38,Yes,Online,4,465
INV5513,20,Female,Groceries,7,85.92,No,Online,3,625
INV5514,60,Male,Clothing,4,21.07,No,Offline,,245
INV5515,47,Female,Electronics,2,15.44,No,Online,5,654
INV5516,65,Female,Groceries,4,22.21,Yes,Online,5,197
INV5517,54,Male,Furniture,7,-12.07,No,Offline,3,423
INV5518,43,Female,Clothing,7,28.04,Yes,Online,4,125
INV5519,40,Male,Furniture,2,74.49,No,Online,2,446
INV5520,49,Female,Groceries,9,46.59,Yes,Offline,1,-110
INV5521,22,Male,Electronics,8,43.05,Yes,Offline,,281
INV5522,65,Female,Furniture,9,41.4,No,Online,4,465
INV5523,48,Male,Clothing,6,66.73,No,Online,,-111
INV5524,38,Male,Furniture,1,19.74,Yes,Offline,1,523
INV5525,18,Male,Electronics,8,57.3,No,Offline,,259
INV5526,50,Female,Groceries,5,30.16,No,Online,4,383
INV5527,67,Female,Electronics,2,53.49,Yes,Offline,1,450
INV5528,24,Male,Clothing,50,54.67,No,Online,5,73
INV5529,41,Male,Clothing,7,29.49,No,Offline,3,198
INV5530,20,Female,Electronics,1,22.44,No,Offline,,105
INV5531,41,Male,Electronics,50,41.31,No,Online,5,463
INV5532,37,Female,Groceries,50,24.42,Yes,Offline,2,358
INV5533,38,Male,Furniture,4,67.24,Yes,Online,1,313
INV5534,40,Female,Clothing,9,91.97,No,Online,5,140
INV5535,69,Female,Electronics,5,36.93,Yes,Online,5,326
INV5536,37,Female,Clothing,2,61.44,Yes,Offline,,265
INV5537,22,Male,Clothing,8,22.65,No,Online,3,66
INV5538,69,Female,Furniture,1,70.84,Yes,Offline,4,387
INV5539,52,Female,Electronics,7,46.99,No,Offline,5,782
INV5540,43,Male,Electronics,5,54.65,No,Offline,4,338
INV5541,23,Male,Electronics,7,27.57,Yes,Offline,2,200
INV5542,27,Male,Furniture,3,36.38,No,Offline,,398
INV5543,36,Female,Clothing,100,35.06,No,Online,5,662
INV5544,61,Male,Clothing,4,44.97,Yes,Online,,482
INV5545,42,Male,Clothing,2,34.96,Yes,Online,4,244
INV5546,64,Male,Furniture,2,43.91,Yes,Online,,352
INV5547,24,Female,Groceries,6,32.73,Yes,Online,5,271
INV5548,63,Male,Clothing,2,79.89,Yes,Online,4,403
INV5549,43,Male,Electronics,50,57.25,No,Offline,1,441
INV5550,31,Male,Clothing,50,68.32,No,Online,,82
INV5551,37,Female,Clothing,3,33.51,No,Online,,338
INV5552,58,Female,Electronics,4,33.37,No,Online,5,247
INV5553,56,Male,Groceries,7,58.09,Yes,Online,2,355
INV5554,53,Female,Clothing,3,57.3,No,Online,4,259
INV5555,62,Male,Furniture,9,23.28,No,Offline,3,-306
INV5556,64,Female,Groceries,8,40.29,No,Offline,,579
INV5557,49,Male,Clothing,4,26.75,Yes,Offline,1,350
INV5558,62,Female,Furniture,8,20.59,Yes,Online,,137
INV5559,53,Female,Electronics,100,40.21,No,Online,,372
INV5560,35,Female,Clothing,2,52.05,No,Online,1,359
INV5561,43,Male,Groceries,1,17.98,No,Offline,,223
INV5562,18,Male,Groceries,3,34.54,No,Offline,2,308
INV5563,54,Male,Groceries,1,24.11,Yes,Online,4,275
INV5564,36,Male,Clothing,8,57.34,Yes,Offline,4,556
INV5565,48,Male,Clothing,4,5.94,No,Online,1,154
INV5566,39,Female,Groceries,9,13.86,No,Offline,1,607
INV5567,40,Male,Groceries,3,83.74,No,Online,3,475
INV5568,25,Male,Electronics,4,19.77,No,Offline,1,324
INV5569,48,Male,Furniture,8,63.06,No,Offline,,307
INV5570,19,Female,Groceries,4,53.98,Yes,Online,3,-17
INV5571,49,Female,Groceries,50,59.94,Yes,Online,1,104
INV5572,65,Male,Electronics,2,90.03,No,Offline,2,189
INV5573,51,Male,Electronics,7,48.46,No,Online,2,273
INV5574,23,Male,Groceries,100,39.19,Yes,Online,,37
INV5575,59,Female,Electronics,5,35.15,Yes,Offline,3,551
INV5576,67,Male,Electronics,4,10.47,No,Online,3,469
INV5577,61,Female,Furniture,100,32.66,Yes,Online,5,263
INV5578,59,Female,Furniture,6,24.37,No,Offline,,381
INV5579,23,Male,Electronics,100,26.74,Yes,Online,1,603
INV5580,45,Male,Furniture,6,47.19,No,Offline,5,178
INV5581,26,Male,Furniture,4,63.44,Yes,Offline,1,140
INV5582,27,Male,Electronics,1,37.5,No,Offline,,197
INV5583,33,Male,Furniture,2,54.93,No,Online,,299
INV5584,42,Female,Furniture,6,41.68,Yes,Online,5,359
INV5585,41,Female,Clothing,9,41.4,Yes,Offline,,625
INV5586,28,Male,Groceries,3,11.93,Yes,Online,5,564
INV5587,67,Female,Electronics,5,26.3,No,Offline,4,506
INV5588,58,Male,Clothing,2,22.7,No,Online,4,139
INV5589,22,Male,Clothing,7,27.54,No,Online,1,383
INV5590,63,Female,Furniture,7,25.92,Yes,Offline,2,310
INV5591,56,Female,Groceries,7,38.3,No,Offline,1,255
INV5592,19,Female,Clothing,9,26.65,Yes,Offline,,292
INV5593,56,Male,Electronics,5,82.45,Yes,Online,2,138
INV5594,62,Male,Furniture,6,64.35,No,Online,4,199
INV5595,57,Female,Clothing,1,40.42,Yes,Offline,,59
INV5596,56,Male,Furniture,8,67.99,Yes,Offline,1,473
INV5597,55,Female,Electronics,100,17.07,Yes,Online,2,254
INV5598,38,Male,Groceries,2,66.56,No,Offline,,29
INV5599,41,Female,Electronics,5,52.95,Yes,Online,,-195
INV5600,34,Male,Groceries,9,60.61,Yes,Online,3,242
INV5601,29,Male,Furniture,7,51.3,No,Offline,2,155
INV5602,56,Male,Groceries,50,34.09,No,Online,4,647
INV5603,19,Female,Clothing,100,70.84,Yes,Online,2,445
INV5604,56,Female,Electronics,100,52.46,No,Offline,3,243
INV5605,53,Female,Groceries,3,61.82,No,Offline,,457
INV5606,31,Female,Furniture,4,4.55,Yes,Online,3,525
INV5607,47,Male,Furniture,50,53.7,Yes,Online,2,368
INV5608,27,Female,Electronics,1,44.58,No,Offline,5,448
INV5609,60,Female,Groceries,6,29.15,No,Offline,3,215
INV5610,45,Male,Clothing,7,5.94,No,Offline,2,629
INV5611,63,Male,Clothing,6,77.49,No,Offline,3,197
INV5612,52,Female,Clothing,1,48.91,No,Offline,4,-136
INV5613,34,Male,Furniture,100,54.29,Yes,Online,2,158
INV5614,37,Female,Electronics,3,8.7,No,Online,,5000
INV5615,51,Male,Electronics,4,23.18,No,Offline,2,120
INV5616,69,Female,Furniture,100,43.27,No,Offline,1,499
INV5617,42,Female,Electronics,8,21.0,No,Online,5,312
INV5618,55,Female,Clothing,4,37.65,No,Online,,460
INV5619,46,Male,Electronics,9,52.82,Yes,Offline,4,-49
INV5620,62,Female,Electronics,6,57.04,Yes,Offline,2,182
INV5621,44,Female,Groceries,50,47.15,No,Online,3,431
INV5622,66,Male,Furniture,1,72.99,No,Online,4,782
INV5623,59,Female,Groceries,1,47.88,Yes,Offline,1,455
INV5624,61,Male,Clothing,100,44.57,No,Online,3,352
INV5625,19,Female,Clothing,8,32.53,No,Offline,4,34
INV5626,30,Female,Furniture,2,48.68,No,Online,5,254
INV5627,28,Male,Furniture,5,38.05,No,Online,2,121
INV5628,29,Male,Clothing,6,60.11,Yes,Online,1,306
INV5629,54,Female,Clothing,8,42.26,Yes,Offline,1,271
INV5630,58,Female,Clothing,2,23.81,Yes,Online,4,241
INV5631,69,Female,Clothing,1,15.77,No,Offline,2,220
INV5632,19,Female,Electronics,7,71.82,No,Online,,509
INV5633,18,Female,Groceries,5,15.1,Yes,Offline,1,295
INV5634,62,Male,Furniture,50,11.34,No,Offline,1,565
INV5635,34,Male,Groceries,9,44.86,Yes,Online,5,219
INV5636,31,Male,Electronics,50,37.55,Yes,Online,5,104
INV5637,55,Female,Groceries,50,27.02,Yes,Offline,,329
INV5638,25,Female,Furniture,3,48.72,No,Online,3,917
INV5639,57,Female,Groceries,1,50.43,Yes,Offline,2,287
INV5640,20,Female,Electronics,1,12.48,No,Online,3,276
INV5641,33,Female,Groceries,6,38.36,No,Offline,2,-9
INV5642,66,Female,Electronics,7,36.74,No,Online,3,288
INV5643,30,Female,Electronics,3,65.43,No,Offline,4,259
INV5644,69,Female,Clothing,8,89.58,No,Online,4,520
INV5645,64,Male,Groceries,8,31.8,Yes,Online,1,225
INV5646,28,Female,Furniture,9,49.92,Yes,Offline,4,232
INV5647,35,Female,Electronics,50,32.42,No,Offline,,-4
INV5648,54,Female,Clothing,9,48.93,No,Online,1,-6
INV5649,26,Male,Electronics,8,27.2,Yes,Online,4,465
INV5650,66,Male,Clothing,4,22.67,Yes,Offline,,93
INV5651,26,Female,Clothing,50,75.96,Yes,Online,4,275
INV5652,18,Male,Clothing,7,2.26,Yes,Offline,,51
INV5653,33,Male,Clothing,2,41.34,Yes,Offline,2,268
INV5654,41,Male,Furniture,3,67.48,No,Offline,4,232
INV5655,62,Female,Groceries,8,35.17,No,Offline,2,414
INV5656,40,Female,Furniture,2,23.79,Yes,Offline,4,-32
INV5657,61,Male,Furniture,100,73.84,No,Offline,1,-5
INV5658,25,Female,Clothing,6,10.56,No,Online,5,561
INV5659,33,Male,Groceries,4,64.91,Yes,Online,2,233
INV5660,54,Male,Electronics,50,44.97,Yes,Offline,1,353
INV5661,30,Male,Clothing,3,72.99,No,Online,1,202
INV5662,67,Male,Electronics,3,55.24,No,Offline,,504
INV5663,34,Female,Furniture,9,78.77,Yes,Offline,4,352
INV5664,34,Female,Furniture,50,51.61,Yes,Online,3,245
INV5665,63,Male,Clothing,7,50.98,Yes,Offline,,182
INV5666,25,Male,Furniture,1,21.0,Yes,Offline,1,79
INV5667,30,Female,Furniture,3,57.47,Yes,Offline,,272
INV5668,60,Male,Furniture,7,12.25,Yes,Offline,5,269
INV5669,33,Female,Furniture,3,42.9,Yes,Online,3,521
INV5670,52,Male,Groceries,50,47.12,Yes,Online,4,-110
INV5671,53,Female,Electronics,50,56.77,Yes,Offline,2,-18
INV5672,57,Female,Groceries,7,29.03,No,Offline,3,-41
INV5673,44,Male,Clothing,4,14.87,No,Online,2,198
INV5674,29,Female,Electronics,9,15.49,Yes,Online,2,176
INV5675,61,Male,Groceries,3,14.86,No,Offline,1,374
INV5676,43,Male,Furniture,9,20.84,No,Offline,3,245
INV5677,38,Female,Furniture,2,47.97,No,Online,,582
INV5678,62,Female,Clothing,50,41.09,No,Online,1,500
INV5679,59,Male,Clothing,3,33.49,No,Online,3,-9
INV5680,38,Male,Clothing,3,61.38,No,Online,1,63
INV5681,32,Male,Electronics,100,26.48,Yes,Offline,3,391
INV5682,32,Female,Furniture,6,26.65,No,Offline,2,319
INV5683,18,Female,Electronics,3,23.18,No,Offline,1,752
INV5684,20,Male,Clothing,7,58.96,Yes,Online,5,309
INV5685,63,Male,Furniture,5,15.52,Yes,Online,,222
INV5686,44,Male,Furniture,6,43.27,No,Online,1,51
INV5687,54,Male,Furniture,4,32.84,No,Offline,3,601
INV5688,57,Female,Electronics,1,33.37,Yes,Offline,3,163
INV5689,37,Female,Clothing,4,34.11,Yes,Offline,5,275
INV5690,46,Male,Furniture,7,57.5,No,Online,,275
INV5691,60,Female,Furniture,5,42.53,Yes,Offline,5,530
INV5692,59,Male,Clothing,7,20.84,No,Offline,1,260
INV5693,43,Male,Clothing,50,50.38,Yes,Offline,3,243
INV5694,67,Male,Clothing,5,48.72,Yes,Online,4,553
INV5695,56,Female,Groceries,8,44.57,No,Offline,2,189
INV5696,21,Female,Furniture,3,70.84,No,Offline,,542
INV5697,22,Female,Groceries,7,55.47,No,Offline,1,413
INV5698,60,Male,Furniture,5,23.24,Yes,Online,,108
INV5699,42,Male,Groceries,50,19.67,No,Offline,4,340
INV5700,61,Female,Groceries,100,41.8,Yes,Offline,,222
INV5701,60,Female,Furniture,50,48.72,Yes,Online,5,315
INV5702,69,Male,Clothing,50,48.72,Yes,Online,,283
INV5703,67,Male,Furniture,7,50.98,Yes,Online,,694
INV5704,68,Male,Clothing,1,57.62,No,Online,2,184
INV5705,46,Female,Furniture,6,32.95,Yes,Online,3,579
INV5706,58,Male,Groceries,7,75.05,Yes,Offline,1,333
INV5707,26,Male,Clothing,3,49.07,Yes,Online,,245
INV5708,23,Female,Groceries,4,-1.31,Yes,Offline,2,251
INV5709,50,Male,Furniture,7,48.37,No,Online,2,248
INV5710,63,Female,Clothing,50,45.46,Yes,Offline,5,108
INV5711,40,Female,Clothing,1,21.19,No,Online,5,231
INV5712,30,Male,Clothing,6,42.26,Yes,Online,5,627
INV5713,50,Male,Groceries,4,46.64,Yes,Offline,4,230
INV5714,39,Female,Groceries,100,67.37,Yes,Online,1,1
INV5715,45,Male,Furniture,6,46.04,No,Online,1,435
INV5716,33,Female,Electronics,50,47.97,Yes,Offline,3,279
INV5717,62,Female,Groceries,6,37.36,Yes,Offline,4,320
INV5718,18,Female,Furniture,100,18.33,Yes,Offline,4,123
INV5719,20,Female,Clothing,1,14.86,Yes,Online,5,57
INV5720,41,Male,Electronics,8,36.86,Yes,Online,1,325
INV5721,23,Male,Clothing,6,61.44,No,Offline,,103
INV5722,28,Male,Electronics,7,48.22,Yes,Online,5,561
INV5723,42,Female,Groceries,100,90.03,No,Offline,1,79
INV5724,23,Male,Groceries,50,27.71,No,Online,3,-6
INV5725,43,Male,Groceries,100,-2.36,Yes,Offline,4,500
INV5726,46,Male,Groceries,2,38.36,No,Offline,4,220
INV5727,27,Male,Clothing,100,47.41,No,Online,,352
INV5728,53,Male,Clothing,7,30.11,No,Online,4,239
INV5729,69,Female,Furniture,1,67.46,Yes,Online,1,435
INV5730,69,Male,Groceries,6,45.28,Yes,Offline,2,289
INV5731,50,Female,Groceries,1,45.15,Yes,Online,4,147
INV5732,27,Male,Electronics,6,57.25,No,Offline,2,256
INV5733,66,Male,Clothing,9,24.66,No,Offline,2,307
INV5734,60,Male,Groceries,5,100.83,Yes,Offline,4,140
INV5735,21,Male,Electronics,8,33.37,No,Online,3,215
INV5736,37,Female,Electronics,6,26.08,Yes,Online,1,629
INV5737,67,Male,Furniture,4,53.91,No,Offline,1,658
INV5738,24,Male,Furniture,8,14.52,No,Online,1,243
INV5739,48,Male,Groceries,2,45.21,Yes,Offline,,403
INV5740,57,Male,Groceries,50,71.54,Yes,Offline,3,320
INV5741,57,Male,Electronics,100,50.91,No,Online,3,88
INV5742,26,Female,Electronics,6,43.05,No,Online,2,501
INV5743,51,Male,Electronics,5,7.55,Yes,Offline,5,-78
INV5744,28,Male,Electronics,3,15.77,No,Online,3,328
INV5745,51,Female,Electronics,2,34.31,Yes,Online,,510
INV5746,62,Male,Groceries,5,43.37,Yes,Offline,5,437
INV5747,64,Female,Groceries,100,19.67,Yes,Offline,3,242
INV5748,46,Male,Clothing,100,49.99,Yes,Online,1,-276
INV5749,62,Female,Furniture,100,26.11,Yes,Offline,3,307
INV5750,21,Male,Clothing,4,53.51,No,Offline,4,280
INV5751,29,Female,Electronics,7,59.94,No,Online,2,244
INV5752,40,Female,Groceries,1,48.48,No,Offline,,408
INV5753,54,Female,Electronics,3,26.19,Yes,Offline,,654
INV5754,21,Female,Electronics,8,53.65,No,Offline,4,147
INV5755,56,Male,Furniture,2,23.17,Yes,Offline,2,259
INV5756,46,Female,Groceries,50,47.02,No,Offline,3,-209
INV5757,29,Male,Groceries,6,29.86,Yes,Online,3,150
INV5758,34,Male,Clothing,7,71.79,Yes,Online,3,422
INV5759,38,Male,Electronics,2,89.58,Yes,Online,2,229
INV5760,34,Male,Groceries,6,67.99,No,Offline,3,315
INV5761,29,Male,Electronics,100,42.9,No,Online,4,16
INV5762,67,Female,Electronics,50,48.49,Yes,Online,,498
INV5763,41,Male,Furniture,50,27.32,No,Offline,,249
INV5764,25,Male,Clothing,6,66.73,Yes,Online,4,123
INV5765,45,Male,Groceries,9,33.8,No,Offline,4,-65
INV5766,65,Male,Clothing,8,35.09,Yes,Offline,,594
INV5767,52,Male,Electronics,100,30.23,No,Offline,2,738
INV5768,20,Male,Clothing,3,34.61,No,Online,4,612
INV5769,46,Male,Clothing,9,27.22,Yes,Offline,1,595
INV5770,40,Male,Groceries,6,16.64,Yes,Offline,4,315
INV5771,37,Female,Electronics,6,38.98,No,Online,2,275
INV5772,43,Female,Groceries,8,53.12,Yes,Offline,1,91
INV5773,42,Female,Groceries,100,69.79,No,Online,,309
INV5774,56,Male,Groceries,6,59.26,Yes,Offline,,408
INV5775,38,Female,Groceries,9,84.34,Yes,Online,1,254
INV5776,41,Male,Clothing,1,66.72,Yes,Online,4,489
INV5777,51,Female,Groceries,9,37.55,Yes,Online,,261
INV5778,28,Female,Clothing,9,18.71,Yes,Online,3,320
INV5779,18,Female,Groceries,1,33.49,Yes,Online,1,769
INV5780,60,Female,Clothing,5,21.0,No,Offline,1,416
INV5781,49,Male,Electronics,2,24.37,No,Offline,2,359
INV5782,28,Female,Groceries,8,36.86,Yes,Offline,,136
INV5783,59,Male,Groceries,2,54.85,Yes,Online,5,147
INV5784,65,Male,Furniture,9,53.23,No,Offline,5,520
INV5785,57,Male,Electronics,50,12.93,No,Offline,5,402
INV5786,44,Female,Furniture,1,65.09,No,Offline,4,232
INV5787,23,Female,Clothing,6,17.89,Yes,Online,3,426
INV5788,39,Female,Groceries,8,56.77,Yes,Offline,4,687
INV5789,51,Male,Clothing,7,67.86,Yes,Online,,309
INV5790,28,Male,Clothing,100,67.37,No,Offline,2,28
INV5791,45,Male,Clothing,9,22.24,No,Online,2,294
INV5792,33,Female,Groceries,100,73.8,Yes,Offline,4,385
INV5793,66,Female,Groceries,6,39.57,Yes,Online,4,199
INV5794,30,Male,Groceries,8,69.64,Yes,Online,,372
INV5795,65,Female,Groceries,9,75.96,No,Offline,4,533
INV5796,41,Female,Clothing,8,16.37,Yes,Online,4,653
INV5797,60,Male,Furniture,1,43.41,Yes,Online,3,230
INV5798,32,Male,Electronics,5,4.34,Yes,Offline,3,132
INV5799,49,Female,Furniture,50,17.7,No,Offline,,249
INV5800,69,Male,Clothing,3,58.48,Yes,Online,,439
INV5801,50,Male,Furniture,2,22.09,Yes,Offline,5,178
INV5802,42,Male,Furniture,100,74.19,No,Offline,2,351
INV5803,44,Female,Furniture,6,33.37,No,Offline,4,458
INV5804,19,Male,Electronics,8,47.15,Yes,Offline,4,169
INV5805,49,Female,Electronics,7,22.66,No,Online,2,28
INV5806,33,Male,Clothing,2,50.84,Yes,Offline,2,252
INV5807,61,Male,Furniture,7,21.91,Yes,Offline,4,489
INV5808,41,Male,Groceries,100,26.5,Yes,Online,4,377
INV5809,22,Male,Clothing,4,63.76,No,Offline,4,65
INV5810,44,Female,Groceries,9,66.54,No,Online,2,551
INV5811,59,Female,Clothing,5,59.52,Yes,Offline,3,247
INV5812,26,Male,Electronics,7,56.32,No,Online,,255
INV5813,69,Female,Groceries,50,60.78,No,Online,3,440
INV5814,24,Male,Electronics,9,38.29,Yes,Online,3,168
INV5815,46,Male,Clothing,50,84.15,Yes,Offline,4,447
INV5816,30,Female,Clothing,100,42.43,Yes,Online,2,333
INV5817,27,Male,Clothing,2,13.86,No,Online,,408
INV5818,21,Male,Furniture,100,54.58,Yes,Online,2,561
INV5819,66,Female,Groceries,6,26.74,No,Online,1,497
INV5820,48,Male,Groceries,3,84.34,No,Offline,4,359
INV5821,54,Male,Groceries,4,34.44,Yes,Online,,643
INV5822,67,Female,Groceries,6,47.16,Yes,Online,,158
INV5823,49,Male,Electronics,2,61.27,Yes,Online,5,450
INV5824,24,Male,Electronics,6,39.04,Yes,Offline,3,112
INV5825,18,Female,Groceries,9,17.7,Yes,Offline,4,722
INV5826,35,Male,Groceries,3,69.64,No,Online,2,705
INV5827,35,Female,Furniture,8,60.38,No,Online,,649
INV5828,63,Male,Groceries,1,42.31,No,Offline,2,289
INV5829,67,Male,Clothing,100,53.36,Yes,Offline,2,513
INV5830,19,Male,Groceries,100,11.93,No,Offline,,-50
INV5831,18,Female,Clothing,9,37.75,No,Online,1,235
INV5832,28,Male,Furniture,1,34.27,No,Online,2,244
INV5833,59,Male,Electronics,8,29.03,No,Online,,8
INV5834,53,Female,Clothing,4,46.64,No,Online,3,27
INV5835,32,Male,Electronics,7,14.5,No,Offline,,395
INV5836,66,Male,Electronics,50,51.72,Yes,Offline,,213
INV5837,31,Female,Clothing,4,11.32,Yes,Online,1,342
INV5838,22,Male,Electronics,8,53.67,No,Offline,2,154
INV5839,24,Female,Furniture,2,38.81,No,Offline,3,885
INV5840,21,Male,Electronics,100,9.34,No,Online,4,422
INV5841,29,Female,Electronics,5,32.12,Yes,Offline,1,220
INV5842,42,Female,Furniture,100,33.08,Yes,Online,5,520
INV5843,63,Female,Groceries,1,51.3,Yes,Online,5,156
INV5844,65,Female,Electronics,7,54.65,Yes,Online,5,290
INV5845,61,Female,Groceries,100,38.51,Yes,Online,4,253
INV5846,23,Female,Electronics,1,38.05,Yes,Offline,1,228
INV5847,68,Female,Electronics,4,48.86,No,Offline,,311
INV5848,30,Female,Clothing,8,74.49,Yes,Offline,3,163
INV5849,59,Male,Furniture,9,61.43,No,Online,4,463
INV5850,63,Female,Clothing,3,52.26,No,Offline,5,240
INV5851,62,Female,Furniture,9,14.31,Yes,Offline,,108
INV5852,65,Male,Electronics,3,37.55,No,Offline,2,527
INV5853,27,Female,Clothing,8,74.89,Yes,Offline,4,498
INV5854,65,Male,Groceries,4,29.15,Yes,Offline,1,533
INV5855,55,Male,Groceries,3,53.62,No,Online,,344
INV5856,50,Female,Groceries,3,15.1,No,Offline,4,439
INV5857,37,Female,Furniture,6,65.76,No,Online,,92
INV5858,54,Female,Groceries,5,45.27,No,Online,,769
INV5859,22,Female,Electronics,2,32.2,Yes,Online,2,271
INV5860,54,Female,Electronics,100,1.38,No,Offline,4,222
INV5861,33,Female,Furniture,4,45.15,No,Online,4,60
INV5862,22,Female,Groceries,9,45.47,Yes,Offline,3,476
INV5863,45,Male,Groceries,6,14.3,Yes,Online,1,458
INV5864,38,Male,Clothing,2,54.93,No,Online,,208
INV5865,49,Male,Electronics,3,30.57,No,Offline,,484
INV5866,25,Male,Groceries,6,24.11,No,Offline,3,1
INV5867,47,Female,Clothing,8,49.01,Yes,Online,5,249
INV5868,20,Male,Electronics,5,36.65,No,Online,2,653
INV5869,40,Male,Electronics,1,50.14,Yes,Online,3,391
INV5870,26,Female,Groceries,50,29.88,No,Offline,3,199
INV5871,33,Male,Electronics,100,53.12,Yes,Offline,,815
INV5872,63,Female,Furniture,4,30.21,No,Offline,4,194
INV5873,35,Male,Clothing,50,36.38,No,Online,4,325
INV5874,55,Female,Electronics,5,43.96,No,Online,3,199
INV5875,66,Female,Groceries,9,32.53,Yes,Offline,2,197
INV5876,26,Female,Clothing,6,24.12,Yes,Offline,2,417
INV5877,39,Male,Furniture,8,33.7,No,Offline,,210
INV5878,20,Female,Groceries,8,32.62,No,Offline,3,260
INV5879,56,Male,Furniture,3,17.92,No,Online,2,352
INV5880,65,Female,Electronics,50,26.19,No,Online,3,638
INV5881,28,Male,Clothing,50,37.65,No,Offline,5,47
INV5882,20,Female,Clothing,4,37.04,Yes,Offline,3,390
INV5883,50,Female,Clothing,2,32.07,Yes,Online,4,232
INV5884,62,Female,Electronics,2,28.23,Yes,Offline,5,378
INV5885,67,Female,Electronics,3,70.23,Yes,Online,3,353
INV5886,22,Male,Furniture,6,56.23,Yes,Offline,,377
INV5887,24,Male,Furniture,9,49.51,No,Online,4,248
INV5888,47,Female,Furniture,4,51.93,Yes,Online,5,151
INV5889,32,Male,Furniture,5,37.22,No,Online,5,418
INV5890,27,Male,Electronics,1,34.11,Yes,Offline,4,225
INV5891,66,Female,Groceries,9,31.52,No,Online,3,136
INV5892,48,Female,Clothing,50,30.23,No,Online,2,231
INV5893,61,Female,Groceries,1,68.46,Yes,Online,5,171
INV5894,37,Male,Clothing,4,56.32,No,Offline,2,506
INV5895,47,Female,Furniture,8,34.99,Yes,Offline,1,229
INV5896,30,Male,Groceries,50,51.91,Yes,Online,1,352
INV5897,64,Male,Clothing,2,63.17,No,Online,3,664
INV5898,57,Female,Clothing,2,35.49,Yes,Online,2,498
INV5899,61,Female,Groceries,2,11.38,No,Online,5,541
INV5900,21,Female,Furniture,3,38.1,Yes,Online,1,437
INV5901,30,Male,Clothing,2,10.13,Yes,Online,4,768
INV5902,31,Female,Groceries,50,35.91,Yes,Online,5,418
INV5903,59,Male,Electronics,8,53.36,No,Offline,5,325
INV5904,58,Female,Electronics,9,68.19,No,Online,3,697
INV5905,49,Female,Groceries,100,76.77,No,Offline,1,219
INV5906,60,Male,Groceries,6,63.67,No,Online,4,249
INV5907,61,Male,Groceries,50,55.1,No,Online,5,135
INV5908,37,Female,Electronics,2,53.12,Yes,Online,5,208
INV5909,54,Male,Clothing,6,19.06,No,Offline,1,309
INV5910,40,Male,Furniture,7,10.26,Yes,Offline,2,73
INV5911,48,Female,Furniture,1,20.14,Yes,Offline,5,620
INV5912,54,Female,Electronics,9,23.43,Yes,Online,1,262
INV5913,19,Female,Groceries,100,89.09,Yes,Online,1,391
INV5914,65,Female,Furniture,50,4.45,Yes,Online,4,328
INV5915,22,Male,Clothing,3,43.28,Yes,Offline,2,149
INV5916,26,Male,Groceries,4,41.11,Yes,Online,1,227
INV5917,25,Female,Clothing,3,61.38,No,Online,1,561
INV5918,22,Female,Groceries,5,61.27,No,Online,,439
INV5919,67,Female,Groceries,2,58.5,Yes,Offline,2,248
INV5920,54,Female,Electronics,9,37.77,Yes,Offline,3,305
INV5921,54,Male,Clothing,6,-12.07,No,Offline,2,219
INV5922,36,Male,Furniture,1,55.14,Yes,Offline,5,441
INV5923,37,Male,Groceries,3,61.74,No,Online,4,445
INV5924,19,Male,Clothing,4,19.44,Yes,Online,4,498
INV5925,56,Female,Groceries,100,16.53,Yes,Online,,595
INV5926,64,Female,Furniture,4,26.11,Yes,Offline,5,91
INV5927,62,Male,Clothing,2,40.21,No,Offline,2,203
INV5928,40,Male,Electronics,6,20.29,Yes,Online,,294
INV5929,34,Male,Electronics,8,58.95,Yes,Online,4,519
INV5930,64,Male,Electronics,3,40.21,No,Online,4,33
INV5931,25,Male,Clothing,8,58.83,Yes,Offline,2,229
INV5932,59,Male,Groceries,1,9.82,No,Online,3,295
INV5933,65,Female,Clothing,100,39.19,Yes,Online,2,-87
INV5934,58,Male,Groceries,50,61.38,No,Offline,,256
INV5935,37,Female,Electronics,2,51.44,No,Online,4,260
INV5936,52,Male,Clothing,100,33.81,No,Offline,2,420
INV5937,58,Male,Clothing,8,67.37,Yes,Offline,2,-86
INV5938,61,Male,Furniture,50,-0.55,No,Offline,5,75
INV5939,46,Female,Clothing,9,15.1,Yes,Online,4,409
INV5940,38,Female,Groceries,1,59.26,No,Online,2,84
INV5941,28,Male,Clothing,4,44.86,No,Online,3,473
INV5942,36,Female,Clothing,4,42.11,No,Offline,2,218
INV5943,48,Female,Electronics,3,5.03,Yes,Online,2,473
INV5944,39,Female,Furniture,7,85.22,No,Online,2,5
INV5945,55,Male,Furniture,5,59.6,No,Offline,1,245
INV5946,29,Female,Furniture,3,60.56,Yes,Online,2,85
INV5947,58,Female,Clothing,2,36.43,Yes,Online,,253
INV5948,47,Male,Groceries,5,25.72,Yes,Offline,2,734
INV5949,61,Female,Electronics,6,47.15,Yes,Online,3,113
INV5950,63,Male,Furniture,9,38.08,Yes,Online,1,87
INV5951,53,Female,Clothing,7,53.27,No,Offline,2,51
INV5952,54,Female,Electronics,50,40.29,No,Offline,1,-78
INV5953,65,Male,Electronics,7,40.21,No,Offline,5,392
INV5954,64,Male,Electronics,6,78.94,No,Offline,5,460
INV5955,54,Male,Clothing,4,45.73,Yes,Offline,2,694
INV5956,60,Female,Electronics,2,21.19,Yes,Offline,5,-89
INV5957,43,Male,Groceries,9,37.47,No,Offline,,454
INV5958,46,Female,Furniture,5,44.97,No,Offline,4,463
INV5959,58,Female,Furniture,5,6.74,Yes,Online,5,183
INV5960,63,Female,Electronics,1,30.23,No,Offline,,355
INV5961,64,Female,Electronics,2,34.96,No,Offline,4,304
INV5962,63,Female,Clothing,6,20.86,No,Offline,5,440
INV5963,61,Male,Electronics,50,46.82,Yes,Online,1,182
INV5964,46,Female,Electronics,100,71.82,No,Online,,158
INV5965,23,Female,Groceries,2,39.28,Yes,Online,3,47
INV5966,49,Female,Furniture,8,79.41,No,Online,,658
INV5967,21,Male,Electronics,100,6.52,No,Offline,,525
INV5968,28,Male,Clothing,4,38.81,Yes,Online,2,-96
INV5969,18,Female,Electronics,9,55.47,Yes,Offline,4,220
INV5970,46,Male,Clothing,6,30.57,No,Online,2,306
INV5971,47,Male,Furniture,50,27.02,Yes,Offline,4,-136
INV5972,43,Male,Electronics,5,61.17,No,Online,3,364
INV5973,35,Male,Clothing,7,34.38,No,Online,2,336
INV5974,19,Male,Clothing,3,91.97,Yes,Offline,3,-105
INV5975,48,Male,Groceries,4,78.94,Yes,Online,,163
INV5976,27,Male,Furniture,7,51.65,Yes,Online,1,85
INV5977,63,Male,Electronics,8,12.46,No,Online,1,178
INV5978,33,Female,Groceries,8,25.36,Yes,Online,5,289
INV5979,36,Female,Electronics,5,30.3,Yes,Online,1,187
INV5980,36,Female,Furniture,5,57.9,No,Offline,,327
INV5981,34,Male,Furniture,100,82.19,Yes,Offline,3,247
INV5982,62,Male,Clothing,9,36.48,No,Online,2,-19
INV5983,50,Female,Clothing,8,34.99,Yes,Offline,1,-6
INV5984,68,Female,Groceries,4,50.8,Yes,Online,3,620
INV5985,31,Male,Furniture,4,35.03,No,Online,,67
INV5986,61,Female,Clothing,2,10.82,Yes,Offline,,579
INV5987,22,Female,Groceries,4,38.23,No,Online,3,82
INV5988,37,Female,Groceries,4,44.98,No,Offline,4,46
INV5989,55,Female,Furniture,3,45.46,Yes,Offline,3,631
INV5990,54,Male,Furniture,1,40.77,Yes,Offline,1,354
INV5991,38,Female,Electronics,1,54.18,Yes,Online,3,-286
INV5992,24,Female,Electronics,50,29.03,Yes,Online,5,282
INV5993,38,Female,Groceries,7,58.68,No,Online,3,541
INV5994,20,Female,Clothing,8,68.16,No,Offline,2,497
INV5995,40,Female,Electronics,3,55.19,No,Offline,4,385
INV5996,41,Male,Clothing,8,53.94,No,Online,2,170
INV5997,53,Female,Groceries,6,49.7,Yes,Offline,5,465
INV5998,24,Male,Groceries,3,43.5,No,Online,1,295
INV5999,22,Female,Groceries,9,30.86,Yes,Online,2,520
INV6000,59,Male,Clothing,9,24.96,No,Offline,,-26
INV6001,59,Female,Clothing,5,54.85,No,Offline,5,376
INV6002,46,Female,Electronics,100,60.56,Yes,Online,,141
INV6003,38,Male,Clothing,50,70.84,Yes,Offline,4,378
INV6004,51,Male,Clothing,2,50.1,No,Online,5,301
INV6005,69,Male,Clothing,5,4.34,No,Online,3,320
INV6006,53,Female,Electronics,6,32.74,Yes,Online,5,76
INV6007,19,Female,Electronics,100,66.73,No,Online,4,687
INV6008,53,Female,Groceries,6,47.44,Yes,Online,1,643
INV6009,66,Female,Groceries,3,32.12,Yes,Offline,4,316
INV6010,26,Female,Electronics,4,33.7,Yes,Offline,,211
INV6011,31,Male,Clothing,3,83.74,No,Offline,5,127
INV6012,57,Female,Furniture,2,70.07,Yes,Offline,5,138
INV6013,44,Female,Electronics,100,24.47,Yes,Online,2,381
INV6014,40,Female,Furniture,7,57.35,Yes,Online,1,299
INV6015,35,Male,Groceries,5,23.17,Yes,Online,5,283
INV6016,28,Male,Furniture,100,65.39,No,Offline,5,125
INV6017,35,Male,Electronics,7,47.57,No,Offline,4,364
INV6018,60,Male,Groceries,9,24.37,No,Online,5,497
INV6019,25,Female,Groceries,9,43.31,Yes,Offline,4,459
INV6020,54,Male,Furniture,3,42.19,No,Offline,2,336
INV6021,63,Male,Groceries,4,9.48,Yes,Offline,1,441
INV6022,34,Female,Clothing,50,41.2,No,Offline,1,475
INV6023,35,Male,Groceries,5,31.28,No,Online,2,423
INV6024,36,Female,Electronics,2,18.33,No,Offline,2,652
INV6025,51,Male,Clothing,4,3.98,No,Offline,5,430
INV6026,32,Male,Clothing,5,53.62,No,Online,1,139
INV6027,47,Male,Clothing,7,78.9,No,Offline,,112
INV6028,37,Male,Electronics,6,43.5,Yes,Online,5,139
INV6029,47,Male,Groceries,1,34.77,No,Offline,,496
INV6030,69,Male,Electronics,6,64.41,No,Offline,2,789
INV6031,54,Male,Electronics,8,30.11,No,Offline,4,262
INV6032,45,Male,Groceries,7,76.04,No,Online,1,44
INV6033,58,Male,Clothing,1,23.18,Yes,Offline,2,199
INV6034,34,Female,Groceries,7,41.6,Yes,Offline,3,307
INV6035,55,Female,Furniture,8,64.29,Yes,Offline,2,483
INV6036,20,Female,Furniture,3,48.86,No,Offline,3,654
INV6037,39,Female,Clothing,5,24.88,Yes,Offline,3,199
INV6038,31,Male,Clothing,7,62.19,No,Offline,1,99
INV6039,60,Female,Furniture,50,38.01,No,Offline,4,387
INV6040,21,Female,Clothing,50,20.05,Yes,Online,3,385
INV6041,19,Male,Clothing,1,50.91,Yes,Offline,,393
INV6042,21,Male,Clothing,100,50.14,No,Offline,,579
INV6043,25,Female,Groceries,2,49.51,Yes,Online,3,752
INV6044,41,Male,Electronics,9,4.68,No,Offline,1,751
INV6045,58,Female,Clothing,4,33.27,Yes,Online,5,233
INV6046,21,Female,Groceries,1,35.01,No,Online,4,310
INV6047,23,Female,Furniture,5,59.89,Yes,Online,1,-33
INV6048,53,Female,Clothing,5,37.47,No,Online,1,437
INV6049,64,Female,Furniture,9,15.39,Yes,Offline,,84
INV6050,51,Male,Furniture,50,49.42,Yes,Offline,3,290
INV6051,46,Female,Clothing,9,33.99,No,Offline,1,620
INV6052,43,Male,Furniture,4,44.97,No,Offline,,51
INV6053,55,Female,Furniture,8,61.82,No,Offline,1,156
INV6054,66,Female,Clothing,100,59.99,Yes,Offline,4,437
INV6055,32,Male,Furniture,5,30.57,No,Offline,5,566
INV6056,48,Male,Clothing,7,16.98,Yes,Online,3,366
INV6057,42,Female,Electronics,8,36.74,No,Online,1,283
INV6058,40,Female,Groceries,50,65.09,No,Online,5,390
INV6059,29,Male,Electronics,3,52.25,Yes,Offline,,563
INV6060,48,Female,Clothing,4,8.13,Yes,Online,3,258
INV6061,68,Male,Clothing,9,75.28,Yes,Online,5,154
INV6062,29,Female,Furniture,6,25.88,Yes,Online,2,589
INV6063,24,Male,Furniture,100,43.97,No,Online,3,320
INV6064,22,Male,Clothing,100,37.65,No,Online,1,483
INV6065,63,Male,Electronics,100,50.38,Yes,Offline,4,228
INV6066,60,Female,Furniture,4,42.43,Yes,Online,5,213
INV6067,30,Male,Clothing,3,4.55,No,Online,5,306
INV6068,44,Male,Electronics,50,22.64,No,Online,3,345
INV6069,22,Male,Clothing,4,29.31,No,Offline,3,374
INV6070,52,Male,Clothing,4,24.61,Yes,Offline,4,-136
INV6071,33,Female,Furniture,3,47.92,No,Offline,,694
INV6072,19,Female,Electronics,8,39.28,No,Online,3,561
INV6073,21,Male,Electronics,4,55.1,No,Online,3,620
INV6074,38,Male,Electronics,8,62.8,Yes,Online,3,263
INV6075,49,Female,Furniture,8,26.02,No,Online,,403
INV6076,46,Female,Groceries,50,49.34,No,Online,3,-169
INV6077,67,Female,Furniture,2,47.95,Yes,Offline,4,136
INV6078,57,Male,Groceries,8,29.77,Yes,Offline,2,329
INV6079,36,Female,Electronics,1,50.81,Yes,Offline,1,446
INV6080,22,Female,Furniture,9,53.05,Yes,Online,5,359
INV6081,49,Male,Furniture,5,47.95,Yes,Offline,3,452
INV6082,29,Male,Groceries,7,44.7,Yes,Offline,4,489
INV6083,20,Female,Electronics,3,39.63,Yes,Offline,5,476
INV6084,55,Female,Electronics,7,80.31,No,Offline,1,532
INV6085,45,Male,Electronics,9,30.3,No,Offline,,223
INV6086,59,Male,Groceries,8,16.53,Yes,Offline,2,218
INV6087,51,Female,Furniture,50,15.77,No,Online,3,383
INV6088,20,Female,Groceries,100,18.38,Yes,Online,4,426
INV6089,47,Male,Electronics,3,45.73,Yes,Online,5,429
INV6090,46,Male,Clothing,9,52.76,Yes,Offline,,390
INV6091,38,Male,Furniture,4,54.67,No,Offline,3,-249
INV6092,68,Male,Groceries,5,29.25,No,Online,5,183
INV6093,28,Female,Clothing,4,34.19,Yes,Online,5,230
INV6094,25,Male,Electronics,8,53.1,No,Offline,5,381
INV6095,25,Male,Furniture,7,49.51,No,Online,4,243
INV6096,68,Female,Furniture,4,48.49,Yes,Online,5,474
INV6097,28,Male,Electronics,50,16.64,No,Online,3,182
INV6098,33,Male,Furniture,4,25.07,Yes,Offline,4,322
INV6099,45,Male,Electronics,6,24.37,Yes,Offline,3,372
INV6100,18,Female,Groceries,5,38.91,Yes,Offline,2,500
INV6101,52,Male,Groceries,1,48.97,Yes,Offline,,310
INV6102,67,Male,Groceries,6,70.17,Yes,Offline,3,651
INV6103,33,Female,Groceries,5,57.9,Yes,Offline,,296
INV6104,23,Female,Groceries,4,45.47,No,Offline,3,175
INV6105,55,Male,Groceries,1,12.06,No,Offline,2,248
INV6106,29,Female,Furniture,9,37.65,No,Offline,4,306
INV6107,27,Male,Clothing,4,65.23,Yes,Online,5,360
INV6108,53,Female,Electronics,5,38.98,No,Online,,338
INV6109,31,Female,Furniture,100,57.25,No,Offline,2,16
INV6110,67,Male,Clothing,1,71.51,No,Online,4,473
INV6111,63,Female,Furniture,7,25.64,Yes,Online,3,271
INV6112,36,Male,Electronics,6,26.65,Yes,Online,2,224
INV6113,63,Male,Furniture,4,28.82,No,Online,,253
INV6114,64,Male,Furniture,5,-9.78,No,Offline,,353
INV6115,61,Male,Clothing,4,38.81,No,Offline,3,467
INV6116,62,Male,Clothing,100,53.7,No,Online,,490
INV6117,28,Female,Clothing,9,66.11,Yes,Offline,5,152
INV6118,61,Female,Electronics,6,15.19,Yes,Offline,1,467
INV6119,58,Male,Furniture,100,13.49,No,Online,2,154
INV6120,32,Female,Electronics,6,63.0,No,Online,2,275
INV6121,55,Male,Clothing,2,56.23,Yes,Online,5,963
INV6122,49,Female,Clothing,4,19.4,No,Offline,5,408
INV6123,33,Female,Furniture,1,20.29,No,Offline,3,283
INV6124,22,Female,Furniture,6,16.23,Yes,Offline,,73
INV6125,42,Female,Clothing,5,46.44,No,Offline,5,90
INV6126,41,Male,Electronics,2,11.34,Yes,Offline,5,243
INV6127,41,Male,Clothing,8,25.53,Yes,Offline,2,428
INV6128,66,Male,Clothing,5,3.04,No,Offline,1,378
INV6129,66,Male,Furniture,7,17.94,No,Online,2,218
INV6130,48,Female,Groceries,2,52.82,No,Online,4,587
INV6131,27,Female,Clothing,7,44.58,No,Online,2,247
INV6132,48,Female,Clothing,4,30.16,Yes,Online,1,388
INV6133,18,Female,Furniture,100,37.22,No,Online,1,213
INV6134,33,Male,Electronics,50,71.54,No,Offline,3,410
INV6135,40,Male,Clothing,3,17.26,No,Online,,453
INV6136,66,Female,Furniture,7,13.61,Yes,Online,,275
INV6137,66,Male,Electronics,9,31.52,Yes,Offline,5,218
INV6138,48,Male,Furniture,6,35.91,Yes,Offline,,245
INV6139,27,Female,Clothing,1,28.14,Yes,Online,3,198
INV6140,48,Female,Furniture,50,50.65,Yes,Online,3,196
INV6141,26,Female,Groceries,4,35.12,No,Online,5,416
INV6142,58,Female,Furniture,50,47.97,Yes,Offline,1,96
INV6143,29,Female,Groceries,4,36.6,Yes,Offline,4,498
INV6144,24,Male,Furniture,4,75.06,No,Online,1,395
INV6145,32,Male,Groceries,100,39.19,No,Online,3,513
INV6146,52,Female,Groceries,9,75.97,Yes,Offline,4,68
INV6147,29,Female,Clothing,50,29.88,Yes,Offline,2,198
INV6148,50,Male,Groceries,1,37.3,Yes,Offline,,320
INV6149,45,Female,Electronics,4,39.63,Yes,Offline,5,359
INV6150,62,Male,Furniture,100,40.56,No,Offline,5,441
INV6151,55,Male,Furniture,3,48.72,Yes,Offline,2,447
INV6152,23,Male,Furniture,1,51.71,No,Offline,1,309
INV6153,31,Male,Furniture,9,47.15,No,Offline,2,232
INV6154,22,Female,Electronics,4,67.37,No,Online,3,294
INV6155,22,Female,Furniture,1,54.24,No,Online,3,307
INV6156,62,Male,Groceries,6,68.19,Yes,Offline,5,301
INV6157,64,Female,Furniture,5,29.15,Yes,Offline,4,403
INV6158,26,Male,Clothing,6,31.52,No,Online,1,73
INV6159,32,Female,Furniture,100,29.03,No,Online,2,149
INV6160,66,Male,Electronics,6,33.44,Yes,Offline,,328
INV6161,22,Female,Groceries,7,22.65,Yes,Offline,2,785
INV6162,55,Male,Furniture,100,81.52,Yes,Online,3,464
INV6163,36,Female,Clothing,50,26.87,Yes,Online,2,202
INV6164,21,Female,Furniture,6,21.7,No,Offline,1,255
INV6165,59,Male,Clothing,50,72.09,No,Online,3,87
INV6166,24,Male,Furniture,3,68.32,No,Online,2,87
INV6167,36,Female,Furniture,50,52.05,No,Online,,204
INV6168,20,Male,Electronics,100,51.3,Yes,Online,1,122
INV6169,62,Female,Groceries,7,56.5,Yes,Offline,,572
INV6170,55,Male,Clothing,3,70.23,Yes,Online,3,243
INV6171,44,Male,Electronics,7,-2.76,Yes,Offline,5,389
INV6172,23,Female,Electronics,9,39.04,No,Online,,276
INV6173,48,Male,Groceries,6,-2.66,Yes,Offline,1,503
INV6174,31,Female,Furniture,8,9.97,Yes,Online,2,513
INV6175,27,Female,Furniture,3,51.3,Yes,Offline,4,447
INV6176,22,Female,Furniture,6,57.45,No,Online,,275
INV6177,59,Female,Clothing,2,29.44,Yes,Online,,198
INV6178,61,Female,Furniture,7,11.59,Yes,Offline,4,620
INV6179,46,Female,Furniture,4,59.26,Yes,Online,5,336
INV6180,41,Female,Electronics,7,6.52,Yes,Online,1,481
INV6181,63,Female,Groceries,1,50.8,Yes,Offline,1,-29
INV6182,41,Female,Groceries,1,30.3,No,Online,3,254
INV6183,18,Female,Electronics,100,10.82,Yes,Offline,5,228
INV6184,39,Male,Groceries,2,58.48,Yes,Online,5,582
INV6185,18,Female,Groceries,4,35.15,Yes,Offline,4,261
INV6186,32,Female,Furniture,8,38.36,Yes,Offline,5,156
INV6187,21,Male,Groceries,1,40.06,No,Online,2,509
INV6188,39,Female,Furniture,8,53.62,No,Offline,,246
INV6189,52,Female,Clothing,1,51.65,No,Offline,3,320
INV6190,46,Male,Furniture,3,33.44,Yes,Online,4,162
INV6191,19,Female,Furniture,6,61.61,No,Offline,4,148
INV6192,47,Female,Clothing,50,12.93,Yes,Offline,3,266
INV6193,23,Male,Electronics,1,35.9,No,Offline,1,248
INV6194,38,Female,Furniture,9,46.13,Yes,Online,3,525
INV6195,50,Male,Furniture,7,56.48,Yes,Online,5,653
INV6196,58,Male,Groceries,50,31.74,No,Offline,1,519
INV6197,18,Female,Electronics,8,34.77,No,Online,5,-50
INV6198,47,Male,Furniture,9,62.4,Yes,Offline,5,409
INV6199,29,Male,Electronics,6,34.49,Yes,Offline,5,658
